{"cameraMode":{"drawMode":0,"name":"Shaded","section":"Shading Mode"},"sceneLighting":false,"audioPlay":false,"sceneViewState":{"m_AlwaysRefresh":false,"showFog":true,"showSkybox":false,"showFlares":true,"showImageEffects":true,"showParticleSystems":true,"showVisualEffectGraphs":true,"m_FxEnabled":true},"in2DMode":false,"pivot":{"x":314.8374938964844,"y":23.971651077270509,"z":213.21383666992188},"rotation":{"x":-0.009588519111275673,"y":-0.7038537263870239,"z":-0.009502604603767395,"w":0.7102171182632446},"size":4.874392032623291,"orthographic":false}